,rmse,mae,r2,mape,directional_accuracy
0,0.06086409904457474,0.04627953649817455,0.9945277127288471,9.945587242319261,100.0
