,rmse,mae,r2,mape,directional_accuracy
0,0.11122041080612961,0.08603833137219774,0.9817267631965297,18.270677143698364,100.0
