,rmse,mae,r2,mape,directional_accuracy
0,0.022290623254378097,0.016608046932404204,0.9992660086937563,2.8045013115853004,100.0
