,rmse,mae,r2,mape,directional_accuracy
0,0.1440479418262704,0.10909624115586493,0.9693478736280525,24.553822286306463,92.3076923076923
